{
  "classes": [
    "knuckle",
    "pad",
    "nail_tip_tap",
    "nail_tap"
  ],
  "train_samples": 120,
  "test_samples": 60,
  "dataset_sizes": [
    0.1,
    0.2,
    0.3,
    0.4,
    0.5,
    0.6,
    0.7,
    0.8,
    0.9,
    1.0
  ],
  "sample_counts": [
    12,
    24,
    36,
    48,
    60,
    72,
    84,
    96,
    108,
    120
  ],
  "acc_test": {
    "rule_based": [
      0.65,
      0.6666666666666666,
      0.6666666666666666,
      0.6666666666666666,
      0.6666666666666666,
      0.6833333333333333,
      0.6666666666666666,
      0.6666666666666666,
      0.6666666666666666,
      0.6666666666666666
    ],
    "knn": [
      0.5833333333333334,
      0.6333333333333333,
      0.65,
      0.6833333333333333,
      0.6833333333333333,
      0.6833333333333333,
      0.6833333333333333,
      0.6833333333333333,
      0.6833333333333333,
      0.6833333333333333
    ],
    "rf": [
      0.5333333333333333,
      0.5,
      0.5166666666666667,
      0.5,
      0.5333333333333333,
      0.55,
      0.5333333333333333,
      0.5333333333333333,
      0.5,
      0.5166666666666667
    ]
  },
  "full_train_acc_test": {
    "rule_based": 0.6666666666666666,
    "knn": 0.6833333333333333,
    "rf": 0.5166666666666667
  },
  "confusion_matrices_full_train": {
    "rule_based": [
      [
        12,
        0,
        0,
        3
      ],
      [
        2,
        13,
        0,
        0
      ],
      [
        0,
        0,
        0,
        15
      ],
      [
        0,
        0,
        0,
        15
      ]
    ],
    "knn": [
      [
        12,
        0,
        0,
        3
      ],
      [
        1,
        14,
        0,
        0
      ],
      [
        0,
        0,
        0,
        15
      ],
      [
        0,
        0,
        0,
        15
      ]
    ],
    "rf": [
      [
        1,
        0,
        12,
        2
      ],
      [
        0,
        15,
        0,
        0
      ],
      [
        0,
        0,
        0,
        15
      ],
      [
        0,
        0,
        0,
        15
      ]
    ]
  }
}